,Country,1980,1981,1982,1983,1984,1985,1986,1987,1988,1989,1990,1991,1992,1993,1994,1995,1996,1997,1998,1999,2000,2001,2002,2003,2004,2005,2006,2007,2008,2009,2010,2011,2012,2013,2014,2015,2016,2017,2018,2019,2020,2021,2022,2023,2024,2025,2026,2027
0,Afghanistan,,,,,,,,,,,,,,,,,,,,,,,1051.0,1119.0,1113.0,1240.0,1307.0,1465.0,1512.0,1788.0,1908.0,2011.0,2318,2386,2516,2535,2401,2516,2450,2543,2456,2456,2456,2456,2456,2456,2456,2456
1,Albania,2155.0,2444.0,2615.0,2689.0,2783.0,2770.0,2927.0,2917.0,2922.0,3246.0,2976.0,2229.0,2128.0,2403.0,2701.0,3022.0,3378.0,3080.0,3411.0,3930.0,4326.0,4835.0,5149.0,5561.0,6051.0,6619.0,7272.0,7975.0,8805.0,9221.0,9726.0,10208.0,10526,10571,11259,11662,12078,13040,13895,14448,14128,15995,17858,19010,20091,21188,22401,23697
2,Algeria,4808.0,5257.0,5755.0,6103.0,6469.0,6722.0,6664.0,6607.0,6515.0,6923.0,7146.0,7123.0,7225.0,7073.0,7002.0,7275.0,7553.0,7640.0,7993.0,8237.0,8588.0,8914.0,9420.0,10146.0,10705.0,11518.0,11894.0,12438.0,12701.0,12741.0,13097.0,13480.0,13264,13003,12940,11945,11543,11644,11822,11917,11335,12051,13324,13958,14332,14665,15016,15352
3,Andorra,,,,,,,,,,,,,,,,,,,,,,,,,,,,,,,50888.0,52326.0,51193,50930,52686,52748,55695,56352,57551,58708,52452,58383,65372,67735,69463,70859,72032,73103
4,Angola,1222.0,1245.0,1288.0,1359.0,1454.0,1378.0,1406.0,1463.0,1565.0,1583.0,1545.0,1738.0,1922.0,2120.0,2323.0,2542.0,2794.0,2960.0,3043.0,3061.0,3132.0,3240.0,3632.0,3703.0,4096.0,4718.0,5267.0,5987.0,6586.0,6490.0,6687.0,6857.0,7624,7948,8508,7669,7449,7676,7524,7383,6837,6970,7455,7753,7983,8212,8458,8699
5,Antigua and Barbuda,3997.0,4578.0,4913.0,5458.0,6332.0,7151.0,8277.0,9203.0,10176.0,11233.0,12016.0,12590.0,12816.0,13507.0,14345.0,13639.0,14406.0,15031.0,15496.0,15904.0,16915.0,16233.0,16488.0,17666.0,18996.0,20649.0,23739.0,26364.0,26565.0,23266.0,21444.0,21224.0,20414,19532,19714,19498,20431,20231,21807,22929,18247,19716,22070,23807,25275,26427,27301,28209
6,Argentina,6173.0,6256.0,6327.0,6725.0,6988.0,6595.0,7117.0,7394.0,7414.0,7077.0,7095.0,7996.0,8899.0,9538.0,10179.0,9973.0,10590.0,11512.0,11956.0,11587.0,11633.0,11257.0,10089.0,11105.0,12303.0,13681.0,15090.0,16728.0,17567.0,16472.0,18064.0,19322.0,19641,20132,19684,20105,20308,23597,23291,23003,20758,23632,26074,27277,28130,28937,29780,30656
7,Armenia,,,,,,,,,,,,,1625.0,1463.0,1614.0,1819.0,1978.0,2100.0,2279.0,2400.0,2606.0,2936.0,3435.0,4008.0,4562.0,5404.0,6328.0,7417.0,8111.0,7032.0,7282.0,7778.0,9094,9564,9792,9753,10502,11974,12946,14213,13323,14661,16798,18008,19193,20428,21752,23169
8,Aruba,,,,,,,12182.0,14655.0,17898.0,20427.0,21195.0,22792.0,23842.0,24527.0,25741.0,26192.0,25961.0,27188.0,27359.0,27746.0,30242.0,31917.0,31886.0,32505.0,35055.0,35095.0,35934.0,37763.0,38896.0,34340.0,33713.0,35248.0,33967,35954,35736,36078,36250,37690,40555,41435,34335,41745,46309,48714,50138,51483,52937,54450
9,Australia,10498.0,11777.0,12308.0,12569.0,13678.0,14671.0,15107.0,15985.0,16950.0,18159.0,18860.0,19071.0,19803.0,20877.0,22138.0,22980.0,24065.0,25358.0,26555.0,27783.0,28953.0,30010.0,31394.0,32610.0,34481.0,36149.0,37649.0,39609.0,40517.0,40814.0,41727.0,43118.0,42903,46522,46988,46342,48053,49657,51446,52618,51886,56412,62192,64848,66536,68281,70236,72358
10,Austria,11227.0,12252.0,13241.0,14187.0,14746.0,15543.0,16211.0,16868.0,17608.0,18965.0,20394.0,21623.0,22324.0,22729.0,23634.0,24712.0,25734.0,26695.0,27932.0,29276.0,30875.0,31849.0,32717.0,33527.0,35147.0,36811.0,39055.0,41469.0,42746.0,41301.0,42466.0,44469.0,46478,47937,48814,49955,52660,54394,56637,58680,55125,59759,66680,69399,71843,74124,76438,78847
11,Azerbaijan,,,,,,,,,,,,,4389.0,3442.0,2783.0,2456.0,2537.0,2784.0,2955.0,3306.0,3556.0,3833.0,4220.0,4698.0,5220.0,6809.0,9322.0,11855.0,13189.0,14285.0,15022.0,14905.0,16063,17300,17551,15026,14448,14185,14610,15113,14528,15900,17448,18310,18938,19534,20158,20812
12,Bahamas,12572.0,13112.0,14462.0,15692.0,16285.0,17262.0,17762.0,18560.0,19247.0,20117.0,20739.0,20201.0,19531.0,19712.0,20412.0,21312.0,22236.0,23343.0,24315.0,25995.0,27249.0,28172.0,28962.0,28752.0,29379.0,30915.0,32274.0,33225.0,32690.0,31167.0,31673.0,32170.0,33252,32836,34314,34785,34775,36815,37961,38938,29688,34776,39785,42417,44114,45280,46341,47416
13,Bahrain,20779.0,22479.0,24507.0,26350.0,27517.0,27186.0,26918.0,26308.0,27855.0,28224.0,30044.0,30499.0,32871.0,35269.0,36214.0,36705.0,37589.0,38117.0,39364.0,41203.0,43920.0,44376.0,43350.0,43672.0,44525.0,45440.0,46153.0,47437.0,48244.0,46749.0,47117.0,50673.0,54489,54035,51938,45627,44834,47486,49581,52234,50648,53384,57921,60533,62378,64139,65989,67925
14,Bangladesh,633.0,713.0,761.0,806.0,847.0,884.0,913.0,938.0,969.0,1024.0,1084.0,1141.0,1196.0,1250.0,1306.0,1368.0,1426.0,1489.0,1547.0,1614.0,1703.0,1784.0,1856.0,1953.0,2090.0,2264.0,2460.0,2659.0,2827.0,2963.0,3144.0,3378.0,3759,3993,4293,4564,4887,5227,5699,6061,6390,7044,7985,8679,9405,10163,10975,11848
15,Barbados,6000.0,6421.0,6464.0,6733.0,7208.0,7496.0,8012.0,8395.0,8963.0,9615.0,9612.0,9516.0,9147.0,9406.0,9765.0,10135.0,10690.0,11347.0,11859.0,12022.0,12798.0,12737.0,13000.0,13505.0,14020.0,14982.0,16259.0,16998.0,17371.0,16526.0,16278.0,16444.0,15425,15433,15252,15571,15997,15818,16060,16096,14018,14666,17314,18780,19699,20534,21353,22110
16,Belarus,,,,,,,,,,,,,4963.0,4684.0,4229.0,3858.0,4052.0,4616.0,5086.0,5344.0,5797.0,6228.0,6682.0,7345.0,8463.0,9618.0,10983.0,12319.0,13894.0,14048.0,15355.0,16545.0,18097,18997,19017,18111,17787,18335,19407,20080,20226,21690,21709,22644,23478,24227,24929,25732
17,Belgium,10769.0,11745.0,12556.0,13084.0,13898.0,14567.0,15129.0,15852.0,17167.0,18362.0,19607.0,20561.0,21277.0,21472.0,22566.0,23519.0,24236.0,25521.0,26258.0,27513.0,29110.0,30022.0,30871.0,31665.0,33545.0,35233.0,37015.0,39140.0,39760.0,38892.0,40162.0,41082.0,42409,43755,45043,46365,48680,50727,52678,54481,51703,57055,62065,64125,66337,68219,70141,72112
18,Belize,1776.0,1944.0,1874.0,2009.0,2256.0,2232.0,2374.0,2892.0,3254.0,3805.0,4266.0,4790.0,5350.0,5651.0,5616.0,5624.0,5644.0,5741.0,5816.0,6307.0,7094.0,7430.0,7734.0,8406.0,8804.0,9044.0,9498.0,9769.0,9701.0,9453.0,9557.0,9491.0,9004,9207,9080,9055,8784,8487,8544,8812,7461,8858,9623,9963,10174,10364,10562,10768
19,Benin,985.0,1062.0,1112.0,1097.0,1106.0,1153.0,1171.0,1139.0,1182.0,1159.0,1270.0,1323.0,1346.0,1408.0,1417.0,1485.0,1529.0,1595.0,1628.0,1673.0,1758.0,1837.0,1894.0,1938.0,2016.0,2054.0,2138.0,2261.0,2350.0,2353.0,2364.0,2416.0,2498,2670,2833,2887,3005,3045,3235,3422,3499,3798,4183,4476,4712,4949,5201,5465
20,Bhutan,475.0,575.0,644.0,703.0,764.0,800.0,854.0,1016.0,1173.0,1263.0,1413.0,1536.0,1625.0,1746.0,1848.0,2012.0,2154.0,2278.0,2382.0,2516.0,2678.0,2846.0,3075.0,3368.0,3630.0,3923.0,4256.0,4873.0,5444.0,5726.0,6268.0,6943.0,7600,7894,8382,9239,10068,10852,11476,12148,11888,11855,13077,13989,14862,15888,16976,18130
21,Bolivia,2070.0,2099.0,2097.0,2048.0,2075.0,2062.0,2007.0,2064.0,2154.0,2276.0,2420.0,2580.0,2627.0,2726.0,2834.0,2969.0,3094.0,3239.0,3373.0,3370.0,3429.0,3499.0,3575.0,3677.0,3864.0,4089.0,4343.0,4585.0,4879.0,4993.0,5177.0,5473.0,5937,6645,7081,7160,7528,8456,8896,9127,8314,9056,9933,10468,10865,11230,11569,11911
22,Bosnia and Herzegovina,,,,,,,,,,,,,,,,,3028.0,3811.0,4391.0,4918.0,5241.0,5480.0,5840.0,6184.0,6742.0,7242.0,7886.0,8597.0,9272.0,9300.0,9566.0,9971.0,10292,11038,11268,11710,12604,13240,14096,14775,14504,16274,17899,18957,19987,21030,22130,23303
23,Botswana,2283.0,2653.0,3148.0,3496.0,3720.0,3986.0,4260.0,4838.0,5963.0,6259.0,6809.0,7262.0,7203.0,7461.0,7363.0,7952.0,8102.0,8632.0,8410.0,9040.0,9477.0,9732.0,10432.0,11019.0,11270.0,11974.0,12826.0,13641.0,14054.0,11908.0,13047.0,14029.0,13144,14086,15518,14588,16639,15965,16661,17097,15471,17579,19199,20257,21063,21849,22677,23547
24,Brazil,4812.0,4925.0,5147.0,5057.0,5403.0,5891.0,6334.0,6596.0,6722.0,7083.0,6836.0,7020.0,7031.0,7414.0,7852.0,8242.0,8334.0,8630.0,8622.0,8653.0,9104.0,9307.0,9616.0,9797.0,10514.0,11062.0,11724.0,12638.0,13397.0,13328.0,14361.0,15110.0,15120,15669,15800,14816,14326,14597,15089,15424,14890,16161,17684,18396,19035,19673,20335,20824
25,Brunei,,,,,,55628.0,54133.0,54772.0,55520.0,55942.0,57024.0,59154.0,61788.0,61983.0,63533.0,66308.0,67767.0,66301.0,64992.0,66334.0,68073.0,69788.0,72049.0,74230.0,75324.0,76638.0,81120.0,82200.0,81056.0,79061.0,80669.0,84001.0,88312,84019,81806,62922,56638,60282,59953,61028,63276,68417,74196,79409,83693,88002,91921,96928
26,Bulgaria,5356.0,6155.0,6790.0,7250.0,7843.0,8231.0,8844.0,9502.0,10100.0,10489.0,9954.0,9262.0,8766.0,8023.0,7988.0,8117.0,7681.0,6762.0,7147.0,6671.0,7063.0,7744.0,8374.0,9038.0,9936.0,11031.0,12207.0,13432.0,14591.0,14284.0,14794.0,15792.0,16376,16692,17670,18459,20146,21617,22890,24409,23739,26051,29178,31303,33455,35259,37159,39189
27,Burkina Faso,376.0,412.0,433.0,434.0,445.0,498.0,534.0,532.0,568.0,587.0,590.0,647.0,646.0,666.0,671.0,704.0,774.0,814.0,859.0,909.0,921.0,976.0,1005.0,1073.0,1118.0,1216.0,1293.0,1341.0,1403.0,1411.0,1502.0,1587.0,1619,1683,1692,1714,1895,2044,2171,2270,2276,2463,2656,2802,2924,3044,3174,3310
28,Burundi,314.0,374.0,382.0,400.0,403.0,452.0,462.0,486.0,513.0,525.0,547.0,581.0,584.0,562.0,542.0,500.0,460.0,463.0,481.0,480.0,485.0,489.0,494.0,504.0,521.0,558.0,589.0,608.0,629.0,636.0,656.0,675.0,685,735,772,838,794,771,778,783,772,805,865,905,941,978,1014,1049
29,Cape Verde,782.0,914.0,980.0,1092.0,1150.0,1262.0,1297.0,1358.0,1459.0,1569.0,1602.0,1641.0,1688.0,1811.0,1984.0,2122.0,2250.0,2406.0,2580.0,2866.0,3080.0,3278.0,3439.0,3705.0,3927.0,4223.0,4689.0,5199.0,5590.0,5496.0,5583.0,5859.0,5720,5700,5659,5902,6224,6535,7703,8187,6978,7685,8460,9069,9672,10271,10861,11433
30,Cambodia,,,,,,,,515.0,568.0,592.0,602.0,647.0,684.0,703.0,745.0,781.0,818.0,842.0,869.0,971.0,1064.0,1158.0,1230.0,1337.0,1490.0,1713.0,1928.0,2152.0,2307.0,2298.0,2438.0,2636.0,2912,3110,3272,3501,3817,4101,4467,4834,4716,5009,5583,6081,6551,7032,7557,8130
31,Cameroon,1263.0,1572.0,1747.0,1887.0,2047.0,2223.0,2357.0,2298.0,2129.0,2110.0,1992.0,1922.0,1850.0,1780.0,1722.0,1766.0,1836.0,1913.0,1974.0,2026.0,2084.0,2145.0,2224.0,2318.0,2469.0,2509.0,2605.0,2710.0,2764.0,2777.0,2814.0,2892.0,2959,3130,3313,3396,3527,3665,3803,3901,3870,4073,4419,4669,4871,5084,5308,5543
32,Canada,11798.0,13197.0,13405.0,14150.0,15380.0,16466.0,16990.0,17893.0,19085.0,19948.0,20415.0,20403.0,20806.0,21616.0,22824.0,23682.0,24252.0,25470.0,26532.0,28069.0,29915.0,30811.0,31888.0,32794.0,34390.0,36261.0,37981.0,39428.0,40159.0,38788.0,40018.0,41716.0,42351,44360,45812,44703,46554,48688,50532,51653,48947,52973,57827,59872,61275,63043,64649,66222
33,Central African Republic,441.0,529.0,529.0,504.0,560.0,584.0,617.0,619.0,640.0,676.0,696.0,698.0,663.0,654.0,735.0,756.0,706.0,732.0,749.0,766.0,741.0,763.0,778.0,763.0,770.0,803.0,852.0,894.0,917.0,931.0,967.0,1013.0,1102,738,720,787,851,913,956,985,989,1021,1088,1138,1181,1222,1265,1309
34,Chad,411.0,393.0,430.0,505.0,536.0,581.0,610.0,628.0,677.0,694.0,720.0,796.0,807.0,784.0,817.0,801.0,805.0,836.0,873.0,849.0,829.0,912.0,966.0,1088.0,1437.0,1548.0,1551.0,1590.0,1615.0,1638.0,1821.0,1800.0,1736,1574,1684,1820,1682,1600,1627,1662,1598,1598,1719,1789,1836,1882,1932,1984
35,Chile,3412.0,3902.0,3522.0,3502.0,3782.0,3917.0,4146.0,4450.0,4859.0,5492.0,5811.0,6357.0,7060.0,7589.0,8020.0,8786.0,9396.0,10126.0,10535.0,10517.0,11159.0,11635.0,12061.0,12745.0,13814.0,14932.0,16161.0,17277.0,18083.0,17796.0,18858.0,20224.0,21455,22300,22651,22552,22650,23656,24732,24917,23260,26709,28887,29351,30280,31278,32338,33492
36,China,307.0,348.0,397.0,451.0,531.0,613.0,668.0,753.0,853.0,910.0,967.0,1078.0,1246.0,1436.0,1639.0,1837.0,2035.0,2239.0,2420.0,2621.0,2886.0,3174.0,3495.0,3897.0,4381.0,5003.0,5783.0,6750.0,7501.0,8222.0,9160.0,10181.0,11137,11905,12496,12926,13432,14152,15410,16564,17115,19260,21291,23038,24599,26248,28022,29944
37,Colombia,2841.0,3111.0,3263.0,3371.0,3535.0,3786.0,4004.0,4234.0,4468.0,4704.0,4988.0,5171.0,5411.0,5746.0,6061.0,6402.0,6546.0,6798.0,6808.0,6531.0,6772.0,6952.0,7147.0,7479.0,7990.0,8524.0,9266.0,10042.0,10454.0,10525.0,11009.0,11893.0,12306,13025,13627,13611,14352,14764,15235,15633,14421,16403,18693,19573,20332,21168,22079,23035
38,Comoros,912.0,1027.0,1108.0,1160.0,1240.0,1275.0,1288.0,1306.0,1377.0,1374.0,1488.0,1492.0,1603.0,1647.0,1581.0,1670.0,1656.0,1722.0,1706.0,1740.0,1725.0,1821.0,1895.0,1929.0,1994.0,2121.0,2094.0,2113.0,2183.0,2210.0,2261.0,2341.0,2510,2628,2701,2684,2826,2980,3078,3105,3049,3162,3364,3473,3552,3635,3725,3817
39,Democratic Republic of the Congo,807.0,863.0,883.0,901.0,947.0,951.0,983.0,1001.0,1008.0,1001.0,940.0,861.0,758.0,646.0,597.0,607.0,589.0,527.0,502.0,480.0,438.0,426.0,432.0,451.0,478.0,507.0,533.0,563.0,590.0,591.0,621.0,656.0,657,741,837,893,951,1047,1098,1130,1126,1206,1328,1421,1503,1588,1675,1757
40,Republic of the Congo,1926.0,2099.0,2214.0,2285.0,2351.0,2408.0,2439.0,2481.0,3038.0,3602.0,3661.0,3798.0,3948.0,3995.0,3925.0,4065.0,4179.0,4106.0,4414.0,4206.0,4690.0,4453.0,4455.0,4453.0,4452.0,4892.0,5313.0,4972.0,5255.0,5760.0,6252.0,6364.0,7437,7123,6959,5445,4484,4987,4740,4687,4251,4295,4682,4948,5289,5337,5322,5470
41,Costa Rica,3560.0,3696.0,3533.0,3669.0,3990.0,4025.0,4206.0,4391.0,4578.0,4898.0,5137.0,5308.0,5799.0,6195.0,6422.0,6638.0,6668.0,6975.0,7375.0,7610.0,8142.0,8304.0,8572.0,8976.0,9473.0,10006.0,10906.0,11949.0,12570.0,12357.0,12932.0,13606.0,14368,15035,16077,17080,18503,19712,20480,21127,20303,22562,24837,26201,27290,28409,29617,30858
42,Ivory Coast,2585.0,2864.0,2933.0,2828.0,2793.0,2874.0,2956.0,2902.0,3010.0,3095.0,3051.0,3034.0,2978.0,2770.0,2751.0,2882.0,3086.0,3234.0,3345.0,3360.0,3279.0,3272.0,3185.0,3123.0,3164.0,3235.0,3300.0,3361.0,3424.0,3467.0,3489.0,3303.0,3563,3834,4237,4558,4629,4730,5045,5317,5347,5808,6397,6874,7291,7702,8116,8548
43,Croatia,,,,,,,,,,,,,8283.0,7979.0,8821.0,9757.0,10423.0,11114.0,11629.0,11547.0,12735.0,13670.0,14670.0,15783.0,16871.0,18129.0,19607.0,21131.0,21945.0,20501.0,20536.0,21013.0,21395,22080,22327,23305,25211,27129,28842,30552,28534,32879,37550,40485,42796,44811,46757,48707
44,Cyprus,5914.0,6589.0,7352.0,7942.0,8835.0,9436.0,9854.0,10701.0,11876.0,13147.0,14347.0,14553.0,15860.0,15953.0,16898.0,18776.0,19036.0,19578.0,20732.0,21827.0,23392.0,24613.0,25633.0,26518.0,28235.0,30110.0,32024.0,33932.0,34994.0,33616.0,33765.0,33755.0,31906,30237,29887,31848,35852,38516,41227,43593,41348,45065,49504,52057,54070,56084,58273,60684
45,Czech Republic,,,,,,,,,,,,,,,,14159.0,15088.0,15287.0,15419.0,15867.0,16895.0,17881.0,18501.0,19558.0,21045.0,23129.0,25395.0,27452.0,28482.0,27114.0,28010.0,29027.0,29270,30813,32542,33933,36137,39031,41129,42972,40927,44951,48919,51329,54374,57238,59973,62682
46,Denmark,11870.0,12903.0,14217.0,15165.0,16382.0,17580.0,18794.0,19276.0,19936.0,20849.0,21924.0,22932.0,23842.0,24322.0,26084.0,27338.0,28454.0,29752.0,30638.0,31873.0,33713.0,34631.0,35209.0,35942.0,37792.0,39789.0,42495.0,43881.0,44261.0,42085.0,43204.0,44483.0,44893,46829,48040,49265,52160,55673,57812,59469,58816,64046,69845,72167,74792,77255,79836,82529
47,Djibouti,,,,,,,,,,,,2724.0,2764.0,2624.0,2627.0,2556.0,2454.0,2402.0,2361.0,2396.0,2407.0,2453.0,2524.0,2611.0,2713.0,2842.0,3027.0,3221.0,3427.0,3456.0,3589.0,3869.0,3958,4104,4289,4563,4695,4905,5181,5482,5533,5954,6514,6990,7469,7962,8498,9076
48,Dominica,,2044.0,2268.0,2425.0,2628.0,2759.0,3025.0,3307.0,3705.0,3857.0,4233.0,4451.0,4644.0,4857.0,4962.0,5219.0,5479.0,5695.0,5976.0,6081.0,6364.0,6503.0,6422.0,6969.0,7380.0,7667.0,8278.0,9048.0,9885.0,9839.0,10038.0,10336.0,10158,10344,11015,11140,11962,11666,12361,12775,10615,11532,13030,14089,14971,15793,16410,17065
49,Dominican Republic,2429.0,2711.0,2861.0,3038.0,3112.0,3068.0,3162.0,3483.0,3598.0,3819.0,3672.0,3767.0,4208.0,4541.0,4677.0,4963.0,5270.0,5746.0,6102.0,6458.0,6812.0,7040.0,7372.0,7316.0,7608.0,8480.0,9435.0,10293.0,10704.0,10758.0,11672.0,12158.0,12208,12818,13859,15186,16626,17301,18773,19896,18620,21583,24120,25874,27497,29154,30923,32810
50,Ecuador,3243.0,3586.0,3747.0,3681.0,3869.0,4058.0,4160.0,3909.0,4357.0,4432.0,4626.0,4914.0,5092.0,5204.0,5429.0,5562.0,5664.0,5916.0,6086.0,5794.0,5902.0,6139.0,6351.0,6540.0,7143.0,7661.0,8101.0,8352.0,8892.0,8838.0,9091.0,9843.0,10280,11106,11658,11015,11009,11624,11880,11923,10973,11748,12763,13383,13850,14301,14773,15266
51,Egypt,2183.0,2375.0,2633.0,2900.0,3158.0,3402.0,3544.0,3705.0,3909.0,4093.0,4307.0,4454.0,4477.0,4571.0,4769.0,4973.0,5203.0,5484.0,5848.0,6162.0,6495.0,6739.0,6924.0,7136.0,7484.0,7904.0,8525.0,9198.0,9831.0,10128.0,10531.0,10694.0,11620,11726,11498,12268,12072,11756,12390,13063,13450,14256,15959,16913,17806,18775,19842,20989
52,El Salvador,2137.0,2181.0,2152.0,2258.0,2356.0,2426.0,2454.0,2547.0,2649.0,2737.0,2925.0,3028.0,3269.0,3493.0,3687.0,3896.0,3957.0,4111.0,4229.0,4346.0,4462.0,4572.0,4689.0,4830.0,4979.0,5250.0,5622.0,5856.0,6069.0,5955.0,6128.0,6466.0,6541,6877,7233,7598,8039,8454,8820,9149,8460,9668,10576,11089,11440,11803,12203,12621
53,Equatorial Guinea,351.0,384.0,387.0,390.0,380.0,417.0,396.0,409.0,421.0,420.0,434.0,429.0,565.0,618.0,712.0,887.0,1329.0,3225.0,3912.0,4817.0,9957.0,15645.0,18246.0,20431.0,26216.0,28002.0,29389.0,33238.0,38109.0,37129.0,32711.0,34024.0,37303,34531,33483,23903,20353,22450,20795,19327,18115,17687,19433,18917,16449,15865,14976,14691
54,Eritrea,,,,,,,,,,,,,750.0,874.0,1090.0,1146.0,1278.0,1403.0,1440.0,1443.0,1262.0,1354.0,1356.0,1284.0,1279.0,1302.0,1288.0,1306.0,1049.0,1163.0,1284.0,1625.0,1669,1507,1992,1589,1701,1537,1759,1835,1822,1923,2078,2175,2243,2308,2377,2448
55,Estonia,,,,,,,,,,,,,,7473.0,7682.0,8172.0,8863.0,10309.0,10983.0,11058.0,12389.0,13514.0,14747.0,16283.0,17965.0,20410.0,23231.0,25784.0,24997.0,21519.0,22360.0,24557.0,25996,27465,28928,29184,31310,33903,35901,37770,37939,42637,46126,48644,51582,54476,57403,60515
56,Eswatini,1780.0,2013.0,2094.0,2090.0,2144.0,2177.0,2544.0,2773.0,2987.0,3291.0,3642.0,3728.0,3837.0,3956.0,4046.0,4241.0,4396.0,4525.0,4650.0,4810.0,4959.0,5077.0,5333.0,5598.0,5903.0,6396.0,6928.0,7366.0,7513.0,7624.0,7951.0,8239.0,8450,8901,8997,9024,8932,8651,8978,9294,9161,10185,11054,11529,11893,12256,12647,13054
57,Ethiopia,306.0,327.0,341.0,370.0,363.0,321.0,348.0,393.0,396.0,397.0,408.0,379.0,341.0,383.0,391.0,411.0,461.0,469.0,442.0,464.0,507.0,541.0,543.0,511.0,571.0,646.0,724.0,810.0,904.0,985.0,1085.0,1214.0,1315,1408,1681,1862,2134,2321,2520,2752,2908,3137,3434,3685,3933,4211,4518,4850
58,Fiji,2696.0,3054.0,3126.0,3034.0,3389.0,3312.0,3568.0,3380.0,3616.0,4196.0,4569.0,4559.0,4908.0,5114.0,5447.0,5661.0,5995.0,5909.0,6010.0,6577.0,6565.0,6792.0,7069.0,7216.0,7756.0,7841.0,8181.0,8270.0,8472.0,8366.0,8679.0,9056.0,9660,10379,11358,12401,12563,13317,14076,14166,11834,11631,13944,15345,16461,17567,18577,19500
59,Finland,9545.0,10546.0,11485.0,12232.0,13006.0,13823.0,14436.0,15273.0,16592.0,18062.0,18702.0,18109.0,17803.0,18011.0,19039.0,20175.0,21222.0,22886.0,24336.0,25698.0,27735.0,29045.0,29921.0,31055.0,33076.0,34949.0,37343.0,40221.0,41130.0,37867.0,39357.0,41016.0,40969,41587,41836,42570,44995,47622,49227,50677,50079,53654,58659,61009,62977,65006,67167,69441
60,France,10761.0,11840.0,12807.0,13397.0,14037.0,14660.0,15226.0,15927.0,17157.0,18537.0,19680.0,20472.0,21151.0,21408.0,22305.0,23213.0,23882.0,24785.0,25885.0,27021.0,28594.0,29599.0,30199.0,30840.0,32260.0,33594.0,35293.0,36872.0,37432.0,36428.0,37358.0,38790.0,39037,40952,41576,42289,44422,46370,48190,49782,46267,51322,56200,58421,60407,62470,64532,66541
61,Gabon,8862.0,9112.0,9855.0,10221.0,10870.0,11609.0,11344.0,9623.0,10089.0,11842.0,12639.0,13434.0,12912.0,13415.0,13863.0,14496.0,14923.0,15660.0,15987.0,14403.0,14099.0,14367.0,14262.0,14430.0,14618.0,14593.0,14396.0,15264.0,15247.0,14446.0,14967.0,15763.0,15487,15235,15500,14834,14490,15303,15586,16267,15947,16643,18088,19198,20095,20996,21956,22980
62,Gambia,1205.0,1124.0,1389.0,1576.0,1449.0,1488.0,1493.0,1511.0,1529.0,1592.0,1677.0,1702.0,1702.0,1709.0,1630.0,1667.0,1696.0,1674.0,1748.0,1828.0,1912.0,2004.0,1907.0,2013.0,2143.0,2093.0,2081.0,2137.0,2247.0,2341.0,2435.0,2216.0,2200,2121,2027,2067,2069,2073,2210,2319,2292,2417,2640,2813,2968,3106,3227,3353
63,Georgia,,,,,,,,,,,,,,,1710.0,1862.0,2173.0,2533.0,2715.0,2895.0,3074.0,3359.0,3640.0,4148.0,4539.0,5157.0,5860.0,6803.0,7147.0,6964.0,7542.0,8322.0,9799,10610,11583,12100,12855,13596,14582,15608,14754,16906,19789,21379,23040,24775,26656,28694
64,Germany,11130.0,12174.0,12833.0,13591.0,14538.0,15364.0,16042.0,16677.0,17801.0,19033.0,20483.0,21952.0,22733.0,22918.0,23909.0,24738.0,25347.0,26230.0,27083.0,27991.0,29444.0,30592.0,30983.0,31384.0,32645.0,33963.0,36419.0,38605.0,39835.0,37939.0,40101.0,42541.0,43359,44994,47011,47622,50574,53374,55021,56468,54993,58757,63835,65865,68235,71011,73717,76205
65,Ghana,1201.0,1236.0,1175.0,1118.0,1185.0,1272.0,1347.0,1439.0,1550.0,1646.0,1728.0,1828.0,1907.0,1997.0,2061.0,2140.0,2228.0,2339.0,2424.0,2506.0,2464.0,2550.0,2644.0,2766.0,2923.0,3127.0,3331.0,3480.0,3779.0,3931.0,4071.0,4623.0,5152,5321,5595,5233,5021,5148,5481,5822,5805,6245,6780,7041,7286,7626,7971,8459
66,Greece,8785.0,9353.0,9761.0,9969.0,10482.0,11032.0,11278.0,11256.0,12115.0,13014.0,13417.0,14089.0,14379.0,14396.0,14913.0,15477.0,16132.0,17080.0,17837.0,18550.0,19663.0,20820.0,21868.0,23532.0,25330.0,26210.0,28456.0,30096.0,30501.0,29287.0,27954.0,25629.0,24818,25896,26541,26676,27489,28518,29761,30888,28457,32230,36466,38608,40441,42111,43783,45421
67,Grenada,2158.0,2353.0,2530.0,2634.0,2767.0,2981.0,3257.0,3668.0,3960.0,4322.0,4704.0,4925.0,4960.0,4924.0,5065.0,5235.0,5525.0,5864.0,6600.0,7132.0,7633.0,7617.0,7971.0,8866.0,9015.0,10501.0,10365.0,11270.0,11565.0,10836.0,10865.0,11117.0,11164,11887,13042,14152,15026,16218,17240,17580,15273,16705,18436,19671,20762,21768,22758,23727
68,Guatemala,2660.0,2858.0,2854.0,2819.0,2863.0,2862.0,2849.0,2949.0,3094.0,3260.0,3404.0,3541.0,3700.0,3826.0,3951.0,4116.0,4212.0,4362.0,4512.0,4639.0,4753.0,4862.0,5028.0,5139.0,5307.0,5513.0,5865.0,6246.0,6455.0,6396.0,6511.0,6794.0,7018,7183,7458,7849,7847,7912,8210,8519,8300,9149,9931,10403,10809,11183,11564,11957
69,Guinea,,,,,,,,,,,930.0,935.0,931.0,945.0,953.0,977.0,1006.0,1050.0,1080.0,1118.0,1152.0,1201.0,1261.0,1280.0,1320.0,1373.0,1418.0,1512.0,1564.0,1509.0,1550.0,1628.0,1615,1680,1671,1685,1928,2250,2390,2507,2597,2738,2993,3179,3342,3491,3645,3813
70,Guinea-Bissau,562.0,599.0,649.0,638.0,684.0,720.0,713.0,756.0,783.0,821.0,873.0,947.0,976.0,999.0,1028.0,1068.0,1103.0,1164.0,894.0,1036.0,1049.0,1100.0,1134.0,1129.0,1148.0,1235.0,1279.0,1318.0,1374.0,1385.0,1469.0,1586.0,1513,1530,1576,1874,1976,2253,2343,2438,2451,2622,2851,3021,3171,3322,3483,3654
71,Guyana,2469.0,2712.0,2625.0,2421.0,2575.0,2682.0,2751.0,2842.0,2791.0,2791.0,2832.0,3113.0,3429.0,3789.0,4181.0,4460.0,4882.0,5245.0,5192.0,5401.0,5434.0,5673.0,5828.0,5909.0,6166.0,6233.0,6741.0,7389.0,7659.0,7933.0,8357.0,8958.0,10444,10998,10943,11205,11268,11965,12723,13603,19694,25313,42647,55139,68046,88620,113003,118658
72,Haiti,1686.0,1831.0,1857.0,1867.0,1904.0,1944.0,1953.0,1958.0,2014.0,2028.0,2053.0,2110.0,2069.0,1973.0,1743.0,1919.0,1998.0,2049.0,2079.0,2128.0,2157.0,2162.0,2184.0,2268.0,2262.0,2367.0,2443.0,2584.0,2659.0,2788.0,2619.0,2765.0,2719,2902,2911,2841,3018,3080,3159,3116,3005,3032,3166,3252,3325,3392,3462,3535
73,Honduras,1388.0,1454.0,1467.0,1492.0,1594.0,1684.0,1757.0,1864.0,1907.0,1978.0,2050.0,1991.0,2100.0,2226.0,2215.0,2334.0,2353.0,2433.0,2477.0,2424.0,2588.0,2647.0,2718.0,2826.0,3008.0,3212.0,3447.0,3676.0,3820.0,3673.0,3779.0,3928.0,4033,4142,4453,4823,5146,5558,5807,5963,5399,6219,6769,7133,7418,7703,8018,8348
74,Hong Kong,7131.0,8325.0,8957.0,9701.0,10892.0,11174.0,12516.0,14415.0,16033.0,16878.0,18099.0,19563.0,20995.0,22406.0,23785.0,24262.0,24975.0,26496.0,24963.0,25737.0,28025.0,28737.0,29688.0,31022.0,34456.0,37938.0,41456.0,45106.0,46777.0,45706.0,48996.0,51999.0,52082,53454,54605,56267,56903,59668,62221,61999,59380,65981,69987,75135,78651,81952,85404,88979
75,Hungary,6326.0,7125.0,7788.0,8169.0,8715.0,9003.0,9359.0,10028.0,10419.0,10952.0,11014.0,10034.0,9947.0,10133.0,10670.0,11185.0,11417.0,12002.0,12636.0,13242.0,14192.0,15135.0,16140.0,17186.0,18544.0,19975.0,21466.0,22124.0,22834.0,21471.0,22010.0,22967.0,23179,24459,25615,26749,27899,29838,32254,34344,33218,37201,42132,44435,46654,48945,51416,54081
76,Iceland,10927.0,12342.0,13222.0,13253.0,14126.0,14915.0,16063.0,17724.0,18081.0,18512.0,19287.0,19733.0,19211.0,19723.0,20661.0,20967.0,22244.0,23764.0,25563.0,26641.0,28261.0,29600.0,29890.0,30929.0,33990.0,36822.0,39506.0,42891.0,43576.0,39999.0,39548.0,41009.0,42154,44673,46239,49471,53943,56945,59383,60424,55850,59965,66467,69811,72045,74688,77339,80087
77,India,532.0,603.0,647.0,705.0,741.0,787.0,823.0,858.0,953.0,1027.0,1101.0,1127.0,1192.0,1253.0,1339.0,1443.0,1551.0,1611.0,1698.0,1834.0,1916.0,2021.0,2097.0,2271.0,2474.0,2745.0,3044.0,3382.0,3529.0,3798.0,4182.0,4494.0,4861,5057,5234,5465,5840,6183,6670,6972,6525,7316,8293,9025,9754,10517,11320,12152
78,Indonesia,1286.0,1486.0,1582.0,1679.0,1835.0,1929.0,2069.0,2215.0,2406.0,2675.0,2966.0,3285.0,3521.0,3828.0,4136.0,4495.0,4879.0,5137.0,4461.0,4508.0,4784.0,4999.0,5231.0,5510.0,5859.0,6297.0,6753.0,7271.0,7850.0,8156.0,8657.0,9213.0,9834,10188,10399,10359,10619,11074,11798,12482,12221,13099,14638,15766,16810,17877,19002,20191
79,Iran,5751.0,5713.0,7191.0,7989.0,7397.0,7482.0,6627.0,6616.0,6278.0,6758.0,7773.0,8840.0,9205.0,9150.0,9054.0,9329.0,9957.0,10107.0,10290.0,10530.0,11218.0,11551.0,12472.0,13476.0,14221.0,14907.0,15882.0,17386.0,17583.0,17647.0,18649.0,19283.0,17041,16238,16106,14328,15282,15806,15690,15295,15812,17083,18663,19528,20145,20732,21346,21984
80,Iraq,,,,,,,,,,,,,,,,,,,,,,,,6265.0,9604.0,9812.0,10423.0,10650.0,11473.0,11646.0,12217.0,13075.0,14843,15414,14027,10494,9597,10916,11401,11968,9951,10878,12408,13020,13278,13457,13672,13944
81,Ireland,7390.0,8191.0,8734.0,8948.0,9500.0,9960.0,10202.0,10817.0,11586.0,12793.0,14310.0,14952.0,15712.0,16367.0,17643.0,19657.0,21687.0,24177.0,26314.0,29165.0,32162.0,34096.0,36043.0,37250.0,40064.0,42651.0,44868.0,47173.0,45200.0,42876.0,43919.0,45041.0,46335,47773,51032,68918,71291,78002,85607,90697,96619,113268,131034,139844,147149,153019,159164,165604
82,Israel,7240.0,8240.0,8718.0,9100.0,9514.0,10073.0,10478.0,11356.0,11976.0,12408.0,13308.0,13553.0,14340.0,14842.0,15813.0,17234.0,18131.0,18677.0,19191.0,19617.0,21217.0,21258.0,21137.0,21461.0,22687.0,23941.0,25597.0,27391.0,28310.0,28068.0,29469.0,31173.0,32336,34755,34756,35877,38230,39534,41320,42977,41931,46659,52173,54751,56633,58474,60526,62813
83,Italy,10896.0,11974.0,12723.0,13335.0,14232.0,15060.0,15777.0,16664.0,17942.0,19239.0,20338.0,21310.0,21942.0,22255.0,23194.0,24314.0,25073.0,25958.0,26712.0,27527.0,29209.0,30430.0,30965.0,31513.0,32577.0,33621.0,35131.0,36478.0,36514.0,34562.0,35416.0,36251.0,36143,36289,36461,37176,40231,42112,43610,44703,41279,46165,51062,52825,54681,56321,58024,59611
84,Jamaica,2911.0,3269.0,3518.0,3733.0,3896.0,3923.0,4244.0,4650.0,4595.0,4990.0,5335.0,5525.0,5765.0,5982.0,6170.0,6400.0,6472.0,6413.0,6344.0,6434.0,6571.0,6745.0,6857.0,7223.0,7488.0,7764.0,8206.0,8520.0,8581.0,8313.0,8263.0,8531.0,8586,8895,9047,9347,9818,10287,10705,10990,9993,10875,11962,12748,13299,13777,14260,14752
85,Japan,9147.0,10358.0,11283.0,12055.0,12967.0,13990.0,14668.0,15666.0,17246.0,18720.0,20303.0,21621.0,22222.0,22558.0,23177.0,24224.0,25385.0,26014.0,25903.0,26131.0,27409.0,28068.0,28458.0,29411.0,30836.0,32373.0,33831.0,35258.0,35512.0,33742.0,35535.0,36215.0,37629,39437,39604,40959,40641,41409,42755,43459,42075,44671,48813,51594,53633,55412,57026,58685
86,Jordan,3513.0,4279.0,4597.0,4595.0,4823.0,4721.0,4885.0,4952.0,5032.0,4442.0,4439.0,4458.0,4883.0,4881.0,4989.0,5211.0,5179.0,5362.0,5492.0,5627.0,5893.0,6203.0,6614.0,6858.0,7415.0,8024.0,8667.0,9207.0,9575.0,9626.0,9461.0,9403.0,9189,9322,9181,9465,9446,10003,10252,10496,10354,10952,11975,12722,13368,14040,14729,15434
87,Kazakhstan,,,,,,,,,,,,,7052.0,6613.0,6315.0,5966.0,6183.0,6519.0,6568.0,6865.0,7727.0,8977.0,9999.0,11082.0,12370.0,13862.0,15637.0,17293.0,17738.0,17819.0,19071.0,20634.0,21878,24326,24546,23057,23654,24699,25985,27290,26551,28414,30827,32947,34773,36257,37549,38928
88,Kenya,1117.0,1226.0,1320.0,1346.0,1370.0,1423.0,1505.0,1575.0,1671.0,1757.0,1846.0,1874.0,1839.0,1827.0,1859.0,1925.0,1986.0,1976.0,1998.0,2006.0,2003.0,2073.0,2061.0,2103.0,2198.0,2331.0,2478.0,2643.0,2626.0,2658.0,2839.0,2977.0,3107,3406,3698,4072,4353,4650,4912,5134,5067,5548,6122,6515,6865,7222,7600,8002
89,Kiribati,898.0,972.0,1027.0,1024.0,1069.0,1032.0,1039.0,1041.0,1145.0,1124.0,1126.0,1145.0,1170.0,1195.0,1226.0,1234.0,1252.0,1278.0,1358.0,1329.0,1416.0,1403.0,1457.0,1489.0,1477.0,1567.0,1580.0,1618.0,1578.0,1567.0,1537.0,1569.0,1655,1729,1718,1880,1863,1867,1983,1977,1960,2035,2165,2257,2328,2386,2443,2500
90,South Korea,2169.0,2507.0,2840.0,3297.0,3730.0,4109.0,4620.0,5285.0,6067.0,6685.0,7545.0,8556.0,9197.0,9961.0,11005.0,12193.0,13269.0,14197.0,13523.0,15177.0,16787.0,17860.0,19427.0,20328.0,21872.0,23480.0,25345.0,27401.0,28550.0,28813.0,30988.0,32547.0,33557,34244,35325,37908,39567,41001,43014,44611,44766,48653,53574,56694,59527,62268,65099,67977
91,Kosovo,,,,,,,,,,,,,,,,,,,,,5005.0,5351.0,5272.0,5420.0,5277.0,5618.0,5915.0,6488.0,6650.0,6918.0,7234.0,7829.0,8002,8372,8687,9445,9974,10393,11021,11841,11242,13034,14352,15399,16351,17322,18306,19332
92,Kuwait,33598.0,28527.0,26220.0,27415.0,29258.0,27198.0,28448.0,29867.0,26422.0,32922.0,24841.0,23727.0,42490.0,56395.0,50597.0,49037.0,47109.0,46474.0,47384.0,47523.0,51747.0,50913.0,50827.0,57787.0,60785.0,63528.0,66171.0,67441.0,69575.0,64261.0,61770.0,66970.0,72736,70727,64038,43308,40844,46480,46813,45852,43252,45008,51528,53841,55501,57069,58717,60434
93,Kyrgyzstan,,,,,,,,,,,,,2073.0,1815.0,1480.0,1423.0,1528.0,1684.0,1713.0,1773.0,1885.0,2011.0,2023.0,2188.0,2376.0,2416.0,2542.0,2802.0,3048.0,3121.0,3103.0,3320.0,3654,4083,4326,4259,4728,5094,5296,5522,5007,5298,5771,6047,6264,6492,6744,6999
94,Laos,541.0,670.0,728.0,759.0,815.0,893.0,929.0,917.0,903.0,1003.0,1069.0,1117.0,1187.0,1251.0,1346.0,1435.0,1525.0,1623.0,1680.0,1742.0,1864.0,1966.0,2100.0,2239.0,2428.0,2636.0,2913.0,3172.0,3428.0,3642.0,3918.0,4252.0,4842,5289,5874,6168,6844,7255,7774,8157,8099,8489,9166,9659,10101,10563,11076,11639
95,Latvia,,,,,,,,,,,,,5997.0,5455.0,5784.0,6075.0,6426.0,7186.0,7805.0,8206.0,8933.0,9830.0,10840.0,12097.0,13586.0,15698.0,18296.0,20837.0,20708.0,18110.0,17858.0,19110.0,21181,22514,23724,24872,26591,28571,30669,32233,31594,34644,38124,40197,42516,44851,47339,49985
96,Lebanon,6345.0,6969.0,4656.0,5901.0,8780.0,11199.0,10616.0,12664.0,9354.0,5533.0,4834.0,6626.0,6726.0,6981.0,7347.0,7705.0,7977.0,8825.0,9184.0,9105.0,9181.0,9392.0,9412.0,9302.0,9861.0,9960.0,10293.0,11537.0,12831.0,14092.0,14963.0,14669.0,14813,14967,15017,15065,15462,15954,15933,15105,11377,11377,11377,11377,11377,11377,11377,11377
97,Lesotho,485.0,533.0,582.0,607.0,669.0,696.0,721.0,721.0,783.0,835.0,886.0,946.0,989.0,1027.0,1073.0,1072.0,1154.0,1214.0,1244.0,1281.0,1373.0,1449.0,1493.0,1584.0,1664.0,1768.0,1902.0,2037.0,2139.0,2146.0,2268.0,2416.0,2454,2749,2992,3211,3101,2753,2792,2823,2667,2801,3028,3147,3243,3344,3389,3416
98,Liberia,,,,,,,,,,,,,,,,,,,,,909.0,921.0,954.0,679.0,712.0,757.0,819.0,914.0,949.0,965.0,1002.0,1067.0,1154,1329,1358,1257,1370,1532,1550,1501,1439,1536,1667,1757,1841,1935,2037,2151
99,Libya,32745.0,27398.0,28203.0,26800.0,24406.0,25471.0,22172.0,18585.0,18347.0,19550.0,22328.0,26685.0,25469.0,24106.0,24922.0,21065.0,21422.0,20872.0,20588.0,20511.0,21444.0,22161.0,21343.0,24905.0,26626.0,29943.0,30409.0,32659.0,32667.0,31008.0,32515.0,16811.0,27459,23055,20274,21710,21521,23949,26207,23455,16575,21929,18945,22900,24997,27035,28435,29874
100,Lithuania,,,,,,,,,,,,,,,,6855.0,7403.0,8217.0,8995.0,9082.0,9699.0,10652.0,11642.0,13233.0,14644.0,16539.0,18608.0,21487.0,22704.0,19676.0,20670.0,22885.0,24704,26722,28184,28842,30922,33827,36363,38809,39214,42765,46159,48336,50726,52994,55333,57713
101,Luxembourg,15915.0,17507.0,18766.0,19869.0,21542.0,23422.0,26158.0,27683.0,30819.0,34821.0,37617.0,41684.0,42823.0,45037.0,47071.0,48518.0,49436.0,52597.0,55944.0,60747.0,66404.0,69127.0,71652.0,74261.0,78311.0,81658.0,87740.0,95956.0,95969.0,91619.0,94559.0,95683.0,97749,102120,106564,109154,114498,116621,119507,123206,120086,131874,141587,146260,151046,155512,160247,165155
102,Macau,,,,,,,,,,,,,,,,,,,,,,36017.0,39457.0,44299.0,55616.0,59222.0,65294.0,73246.0,75622.0,78086.0,97052.0,119403.0,129876,145947,141807,108260,109178,120249,128272,125002,57881,71122,57929,92409,120676,135656,144701,151395
103,Madagascar,1022.0,982.0,997.0,1018.0,1045.0,1062.0,1076.0,1086.0,1133.0,1193.0,1243.0,1173.0,1182.0,1203.0,1192.0,1202.0,1213.0,1243.0,1268.0,1307.0,1355.0,1425.0,1231.0,1338.0,1404.0,1472.0,1553.0,1637.0,1728.0,1621.0,1602.0,1613.0,1591,1592,1609,1595,1652,1625,1667,1715,1564,1648,1790,1897,1982,2064,2149,2238
104,Malawi,502.0,507.0,538.0,564.0,595.0,614.0,591.0,579.0,583.0,583.0,615.0,676.0,633.0,707.0,643.0,738.0,810.0,857.0,852.0,871.0,875.0,840.0,836.0,882.0,934.0,975.0,1023.0,1120.0,1195.0,1266.0,1331.0,1385.0,1348,1445,1406,1333,1347,1357,1410,1471,1460,1511,1588,1638,1678,1725,1784,1848
105,Malaysia,3338.0,3813.0,4182.0,4506.0,4908.0,4862.0,4883.0,5140.0,5708.0,6316.0,6846.0,7636.0,8272.0,9053.0,9827.0,10732.0,11715.0,12469.0,11386.0,11947.0,12946.0,12959.0,13532.0,14256.0,15279.0,16185.0,17383.0,18789.0,19711.0,19202.0,20526.0,21702.0,22963,23225,24273,24074,24780,25897,27491,29092,27761,29702,33113,35354,37416,39336,41396,43387
106,Maldives,1599.0,1817.0,2011.0,2105.0,2472.0,2791.0,2978.0,3239.0,3553.0,3933.0,3768.0,3976.0,4211.0,4423.0,4731.0,5090.0,5533.0,6085.0,6618.0,7053.0,7444.0,7707.0,8169.0,10280.0,11022.0,9732.0,12431.0,13486.0,14819.0,13608.0,14528.0,15835.0,16436,18250,20338,21931,23410,24927,27141,29040,19222,26966,30888,33379,35703,37768,39944,42269
107,Mali,542.0,555.0,510.0,536.0,557.0,583.0,622.0,644.0,658.0,746.0,830.0,904.0,888.0,917.0,947.0,970.0,1032.0,1072.0,1087.0,1140.0,1133.0,1298.0,1319.0,1423.0,1438.0,1529.0,1597.0,1641.0,1695.0,1729.0,1787.0,1827.0,1764,1813,1915,2033,2189,2247,2338,2420,2348,2447,2609,2762,2882,2992,3108,3230
108,Malta,5853.0,6523.0,6891.0,7083.0,7458.0,7811.0,8055.0,8663.0,9515.0,10488.0,11277.0,12024.0,13150.0,13853.0,14654.0,15849.0,16698.0,17668.0,18342.0,19192.0,19314.0,19384.0,20027.0,21112.0,21569.0,22838.0,23995.0,25781.0,27133.0,26794.0,28405.0,29063.0,30424,32560,34755,37922,40137,44884,47211,49058,43658,50005,56338,59860,63019,66165,69465,72881
109,Marshall Islands,,,,,,,,,,,,,,,,,,2095.0,2073.0,2045.0,2107.0,2331.0,2496.0,2491.0,2528.0,2630.0,2691.0,2841.0,2675.0,2773.0,2961.0,2990.0,2968,3126,3140,3209,3275,3434,3610,3911,3880,4076,4395,4662,4816,4955,5084,5218
110,Mauritania,,,,,,,,,,,2861.0,2879.0,2915.0,3073.0,2959.0,3225.0,3379.0,3206.0,3239.0,3309.0,3159.0,3113.0,3114.0,3299.0,3449.0,3757.0,4729.0,4631.0,4579.0,4493.0,4549.0,4716.0,4755,5099,4662,4586,5159,5636,5912,6206,6088,6354,6925,7353,7940,8399,8842,9237
111,Mauritius,1996.0,2279.0,2522.0,2607.0,2800.0,3062.0,3402.0,3812.0,4186.0,4509.0,4979.0,5318.0,5717.0,6078.0,6374.0,6729.0,7161.0,7603.0,8071.0,8292.0,9085.0,9513.0,9750.0,10462.0,11134.0,11581.0,12420.0,13424.0,14367.0,14899.0,15700.0,16653.0,16964,17866,18484,19226,20701,21415,22733,23839,20523,22278,25372,27698,29474,31045,32671,34393
112,Mexico,5985.0,6934.0,7149.0,7002.0,7332.0,7559.0,7314.0,7466.0,7671.0,8137.0,8711.0,9212.0,9581.0,9902.0,10436.0,9823.0,10514.0,11256.0,11797.0,12120.0,12836.0,12899.0,12916.0,13180.0,13878.0,14450.0,15350.0,15890.0,16134.0,15147.0,15879.0,16567.0,17213,17429,18120,18382,19422,19934,20644,20764,19137,20695,22440,23308,24024,24798,25609,26449
113,Federated States of Micronesia,,,,,,,,,,,,,,,,2056.0,2024.0,1930.0,2001.0,2055.0,2198.0,2301.0,2358.0,2450.0,2443.0,2579.0,2669.0,2702.0,2707.0,2767.0,2879.0,3027.0,3021,2955,2936,3097,3151,3291,3371,3466,3438,3459,3675,3910,4095,4217,4325,4428
114,Moldova,,,,,,,,,,,,,4396.0,4458.0,3143.0,3166.0,3044.0,3156.0,2989.0,2933.0,3070.0,3337.0,3663.0,3994.0,4413.0,4907.0,5315.0,5635.0,6200.0,5872.0,6370.0,6882.0,7329,8345,8789,9222,10527,11362,12330,13238,12509,15114,16483,17779,19550,21367,23279,25367
115,Mongolia,,,,,,,,,,,3603.0,3301.0,3008.0,2954.0,3053.0,3267.0,3352.0,3494.0,3600.0,3710.0,3790.0,4007.0,4226.0,4572.0,5083.0,5519.0,6077.0,6691.0,7227.0,6991.0,7470.0,8782.0,10074,10375,10850,10442,10519,11137,12056,12730,12074,12585,13611,14588,15715,16740,17661,18551
116,Montenegro,,,,,,,,,,,,,,,,,,,,,8268.0,8514.0,8776.0,9135.0,9776.0,10490.0,11731.0,12850.0,14012.0,13256.0,13753.0,14472.0,13864,14870,15371,16336,18198,19703,21205,22469,19281,22687,26032,27616,29023,30429,31918,33491
117,Morocco,1615.0,1675.0,1900.0,1918.0,2025.0,2169.0,2342.0,2284.0,2553.0,2654.0,2853.0,3103.0,3050.0,3044.0,3379.0,3215.0,3628.0,3582.0,3831.0,3873.0,3982.0,4311.0,4455.0,4751.0,5046.0,5306.0,5809.0,6099.0,6502.0,6736.0,6990.0,7418.0,7421,7674,7352,7905,7944,8193,8556,8868,8245,9177,9808,10375,10804,11235,11715,12235
118,Mozambique,209.0,235.0,227.0,195.0,186.0,192.0,190.0,224.0,252.0,278.0,287.0,308.0,285.0,310.0,325.0,327.0,359.0,396.0,429.0,474.0,478.0,532.0,574.0,607.0,653.0,698.0,767.0,825.0,878.0,915.0,959.0,1023.0,1036,1085,1139,1291,1364,1284,1324,1339,1301,1348,1457,1540,1655,1724,1947,2187
119,Myanmar,,,,,,,,,,,,,,,,,,,798.0,865.0,981.0,1115.0,1232.0,1411.0,1659.0,1931.0,2242.0,2574.0,2804.0,2926.0,3095.0,3308.0,3697,3941,4130,4224,4141,4333,4684,5053,5241,4450,4830,5137,5391,5640,5907,6211
120,Namibia,,,,,,,,,,,4077.0,4259.0,4588.0,4471.0,4566.0,4717.0,4809.0,4939.0,4999.0,5081.0,5310.0,5554.0,5920.0,6144.0,6616.0,7018.0,7388.0,7857.0,8099.0,8054.0,8515.0,9000.0,9512,9901,10633,10793,10578,10317,10477,10380,9485,9960,10791,11328,11656,11954,12265,12584
121,Nauru,,,,,,,,,,,,,,,,,,,,,,,,,3504.0,3647.0,4438.0,3488.0,4207.0,4542.0,4893.0,5474.0,5981,7642,9043,8975,8927,8342,9197,9856,9853,10221,10834,11229,11513,11733,11934,12151
122,Nepal,447.0,518.0,557.0,549.0,610.0,652.0,681.0,694.0,757.0,801.0,849.0,909.0,942.0,975.0,1049.0,1081.0,1132.0,1186.0,1209.0,1257.0,1339.0,1422.0,1424.0,1488.0,1578.0,1663.0,1750.0,1837.0,1965.0,2051.0,2165.0,2283.0,2505,2702,2947,2996,2990,3565,3864,4120,3997,4264,4677,4998,5269,5548,5847,6164
123,Netherlands,11708.0,12644.0,13182.0,13887.0,14780.0,15588.0,16313.0,16926.0,18202.0,19643.0,21105.0,22178.0,22863.0,23530.0,24591.0,25664.0,26926.0,28441.0,29936.0,31671.0,33528.0,34811.0,35170.0,35727.0,37263.0,39104.0,41633.0,44307.0,46004.0,44383.0,45274.0,46703.0,47342,49314,49338,50419,52441,55509,57840,59675,57612,62685,69715,72364,74842,77236,79718,82281
124,New Zealand,9177.0,10289.0,11152.0,11465.0,12567.0,12995.0,13375.0,13916.0,14354.0,14828.0,15205.0,15112.0,15402.0,16403.0,17452.0,18416.0,19213.0,19763.0,19877.0,20956.0,22209.0,23134.0,24202.0,25237.0,26745.0,28132.0,29492.0,31034.0,31306.0,30816.0,31387.0,32375.0,32733,35470,36995,36985,39266,40937,42583,43841,42589,46591,50851,53243,54969,56723,58610,60624
125,Nicaragua,,,,,,,,,,,,,,,2192.0,2301.0,2425.0,2499.0,2569.0,2734.0,2853.0,2943.0,2951.0,3023.0,3204.0,3378.0,3589.0,3823.0,3978.0,3804.0,3969.0,4254.0,4347,4539,4879,5240,5651,5973,5849,5669,5684,6490,7154,7553,7899,8258,8644,9052
126,Niger,703.0,743.0,779.0,752.0,627.0,674.0,708.0,704.0,755.0,768.0,762.0,759.0,766.0,760.0,764.0,773.0,761.0,758.0,814.0,795.0,775.0,819.0,841.0,845.0,839.0,895.0,941.0,960.0,1016.0,1003.0,1061.0,1066.0,1156,1125,1139,1145,1148,1164,1229,1276,1289,1310,1443,1546,1711,1818,1894,1974
127,Nigeria,,,,,,,,,,,1827.0,1831.0,1866.0,1893.0,1890.0,1918.0,1982.0,2023.0,2046.0,2034.0,2140.0,2277.0,2584.0,2813.0,3109.0,3344.0,3584.0,3848.0,4094.0,4347.0,4766.0,4968.0,5000,5225,5507,5426,5235,5190,5278,5352,5186,5459,5884,6122,6278,6421,6573,6731
128,North Macedonia,,,,,,,,,,,,,5987.0,5642.0,5630.0,5651.0,5784.0,5944.0,6184.0,6515.0,6938.0,6854.0,7046.0,7327.0,7852.0,8463.0,9149.0,9989.0,10720.0,10728.0,11197.0,11683.0,11909,12717,13424,13885,15128,15640,16461,17418,16610,17986,19783,21104,22377,23669,25029,26484
129,Norway,14800.0,16400.0,17389.0,18734.0,20528.0,22281.0,23565.0,24429.0,25092.0,26269.0,27669.0,29321.0,30879.0,32318.0,34489.0,36494.0,38829.0,41391.0,42692.0,43842.0,45989.0,47804.0,48949.0,50087.0,53167.0,55878.0,58479.0,61206.0,61820.0,60439.0,60774.0,61828.0,65101,66742,65647,60190,58736,62782,64590,65830,65804,70796,78128,82496,85600,88051,90332,92711
130,Oman,9938.0,11759.0,13921.0,15575.0,17156.0,20268.0,19800.0,18334.0,19976.0,20191.0,25069.0,26518.0,28403.0,29832.0,30667.0,31922.0,32640.0,34504.0,35149.0,35110.0,37467.0,39404.0,39053.0,38307.0,39429.0,41031.0,43407.0,45835.0,49815.0,51337.0,51191.0,48921.0,49100,47045,44764,36735,33678,34082,35025,35125,35747,37636,41150,42981,43341,43743,44294,44913
131,Pakistan,950.0,1073.0,1190.0,1284.0,1345.0,1468.0,1551.0,1639.0,1759.0,1868.0,1970.0,2095.0,2211.0,2252.0,2341.0,2450.0,2595.0,2621.0,2679.0,2766.0,2855.0,2917.0,2995.0,3120.0,3377.0,3723.0,3987.0,4245.0,4363.0,4314.0,4386.0,4545.0,4578,4679,4838,4999,5049,5159,5482,5641,5544,5987,6662,7001,7303,7629,8003,8399
132,Palau,,,,,,,,,,,,,,,,,,,,,8121.0,9031.0,9469.0,9330.0,9870.0,10383.0,10791.0,11442.0,11221.0,10763.0,10951.0,11942.0,12667,12815,13707,14756,14952,14695,15045,15338,14256,12821,13215,15191,16733,17648,18602,19557
133,Panama,3531.0,4120.0,4501.0,4365.0,4541.0,4807.0,4969.0,4893.0,4296.0,4440.0,4879.0,5402.0,5853.0,6188.0,6367.0,6480.0,6942.0,7367.0,7835.0,8089.0,8329.0,8394.0,8546.0,8907.0,9647.0,10466.0,11497.0,13000.0,14299.0,14318.0,15076.0,16845.0,18596,20727,22827,25275,27829,30511,31919,32982,27007,32003,36370,38673,40739,42831,45064,47427
134,Papua New Guinea,1074.0,1158.0,1212.0,1274.0,1279.0,1333.0,1408.0,1504.0,1556.0,1528.0,1471.0,1616.0,1743.0,1972.0,2168.0,2081.0,2201.0,2044.0,2109.0,2125.0,2068.0,2061.0,2040.0,2215.0,2234.0,2346.0,2423.0,2622.0,2604.0,2736.0,2892.0,2830.0,2862,2959,3350,3532,3686,3809,3810,3969,3797,3921,4271,4552,4687,4816,4951,5093
135,Paraguay,3533.0,4099.0,4167.0,4076.0,4216.0,4386.0,4348.0,4495.0,4775.0,5090.0,5498.0,5524.0,5631.0,5928.0,6249.0,6679.0,6770.0,7035.0,6977.0,6839.0,6695.0,6662.0,6642.0,6940.0,7288.0,7546.0,8018.0,8540.0,9120.0,9011.0,9974.0,10455.0,9957,10980,11355,11373,11907,12434,12954,12949,12819,13722,14528,15483,16144,16796,17482,18201
136,Peru,3111.0,3503.0,3619.0,3330.0,3498.0,3601.0,4026.0,4346.0,3987.0,3512.0,3389.0,3510.0,3502.0,3702.0,4169.0,4491.0,4620.0,4919.0,4873.0,4936.0,5105.0,5176.0,5466.0,5728.0,6093.0,6595.0,7222.0,7956.0,8748.0,8802.0,9542.0,10239.0,10567,11115,11356,11454,12020,12632,13307,13430,11975,14023,15273,16067,16763,17428,18112,18828
137,Philippines,1923.0,2123.0,2279.0,2353.0,2205.0,2058.0,2119.0,2210.0,2389.0,2575.0,2690.0,2705.0,2715.0,2775.0,2891.0,3017.0,3094.0,3238.0,3178.0,3260.0,3482.0,3592.0,3705.0,3891.0,4174.0,4432.0,4722.0,5072.0,5298.0,5316.0,5677.0,5919.0,6360,6688,7045,7278,7789,8199,8793,9363,8457,9190,10344,11106,11871,12658,13507,14421
138,Poland,4824.0,4710.0,4715.0,5102.0,5221.0,5553.0,5826.0,6077.0,6492.0,6996.0,6674.0,6399.0,6661.0,7090.0,7605.0,8287.0,8958.0,9751.0,10347.0,10965.0,11814.0,12229.0,12603.0,13310.0,14358.0,15335.0,16784.0,18470.0,19620.0,20295.0,21370.0,22828.0,23745,24553,25471,26856,28321,30162,32532,34689,34348,37997,42466,44249,46661,49223,51920,54680
139,Portugal,6061.0,6809.0,7341.0,7667.0,7831.0,8188.0,8622.0,9512.0,10385.0,11526.0,12925.0,13845.0,14615.0,14840.0,15341.0,15969.0,16768.0,17729.0,18696.0,19589.0,20651.0,21376.0,21757.0,21897.0,22832.0,23689.0,24772.0,26028.0,26573.0,25884.0,26638.0,26769.0,26438,27936,28742,29669,31604,33086,34898,36466,33754,36892,42067,43949,46061,48047,50019,52087
140,Puerto Rico,6926.0,7600.0,7757.0,8026.0,8842.0,9221.0,10074.0,10720.0,11695.0,12614.0,13444.0,14127.0,15007.0,15962.0,16860.0,17858.0,18456.0,19527.0,20851.0,21880.0,22935.0,25617.0,26547.0,27687.0,28990.0,29347.0,29953.0,30583.0,30775.0,30533.0,30929.0,31824.0,32583,33173,33683,34007,34300,34627,35044,36201,35660,38608,43820,46023,46704,47572,48723,50167
141,Qatar,85154.0,82690.0,74835.0,68713.0,77414.0,65757.0,66236.0,65708.0,68448.0,72093.0,54629.0,54629.0,61134.0,61724.0,63855.0,64640.0,67091.0,84382.0,90512.0,91619.0,96567.0,100130.0,105585.0,106791.0,119823.0,116862.0,130946.0,133453.0,118534.0,127889.0,145599.0,163740.0,169698,161194,143222,97846,84269,91743,93869,94864,96554,104740,113675,123039,129088,136550,144331,154263
142,Romania,4955.0,5397.0,5925.0,6501.0,7110.0,7295.0,7580.0,7786.0,7978.0,7782.0,7611.0,6861.0,6427.0,6717.0,7174.0,7894.0,8403.0,8073.0,7810.0,7866.0,8287.0,8927.0,9853.0,10362.0,11808.0,12830.0,14372.0,15923.0,18164.0,17437.0,17079.0,17851.0,18834,19746,20612,21547,24197,27220,29282,31226,30571,33936,38097,40673,43100,45450,47940,50573
143,Russia,,,,,,,,,,,,,10805.0,10091.0,8999.0,8818.0,8668.0,8958.0,8588.0,9303.0,10512.0,11346.0,12127.0,13333.0,14728.0,16222.0,18133.0,20229.0,21700.0,20118.0,21272.0,22784.0,24279,26045,25731,24062,24104,25999,27386,28495,28181,30876,31967,32391,33619,34650,35666,36686
144,Rwanda,413.0,447.0,446.0,474.0,541.0,564.0,587.0,579.0,581.0,551.0,560.0,538.0,586.0,573.0,367.0,494.0,568.0,634.0,636.0,602.0,650.0,702.0,787.0,801.0,853.0,940.0,1035.0,1119.0,1228.0,1286.0,1355.0,1464.0,1496,1559,1720,1816,1910,2005,2176,2369,2264,2555,2836,3064,3273,3507,3709,3926
145,Samoa,,,,,,,,,,,,,,,,,,,2688.0,2696.0,2884.0,3150.0,3360.0,3583.0,3769.0,4120.0,4310.0,4419.0,4633.0,4605.0,4743.0,4987.0,4848,4897,4982,5190,5631,5794,5873,6214,6053,5819,5882,6295,6656,6973,7272,7554
146,San Marino,,,,,,,,,,,,,,,,,,,,,,,,,62451.0,65216.0,68919.0,74852.0,75030.0,67001.0,63060.0,58184.0,54797,53898,55875,56138,58103,59522,61531,63606,59762,65432,72070,74970,77135,79352,81669,84079
147,São Tomé and Príncipe,1559.0,1500.0,1607.0,1568.0,1489.0,1635.0,1530.0,1480.0,1519.0,1582.0,1561.0,1588.0,1588.0,1625.0,1664.0,1701.0,1726.0,1741.0,1772.0,1809.0,1825.0,1879.0,1918.0,2042.0,2128.0,2293.0,2512.0,2589.0,2793.0,2811.0,2966.0,3090.0,3042,3409,3912,3905,3952,3975,4093,4178,4257,4415,4710,4895,5058,5233,5220,5422
148,Saudi Arabia,44859.0,47672.0,38212.0,31746.0,29864.0,26466.0,30087.0,27414.0,30571.0,30104.0,34261.0,38794.0,38823.0,38456.0,38550.0,38497.0,39272.0,39422.0,40036.0,38136.0,40207.0,39642.0,38188.0,42279.0,45739.0,48168.0,49363.0,49937.0,52302.0,49863.0,51270.0,55918.0,57284,56016,56786,49637,46423,48015,49190,49056,46512,49386,55802,58736,60514,62180,63953,65847
149,Senegal,1069.0,1197.0,1333.0,1274.0,1330.0,1376.0,1404.0,1481.0,1479.0,1551.0,1553.0,1601.0,1613.0,1625.0,1610.0,1698.0,1717.0,1751.0,1833.0,1925.0,1997.0,2080.0,2063.0,2167.0,2270.0,2381.0,2447.0,2517.0,2590.0,2606.0,2653.0,2670.0,2739,2742,2831,2971,3076,3204,3389,3510,3504,3767,4113,4482,4917,5112,5327,5557
150,Serbia,,,,,,,,,,,,,,,,,,,,,6309.0,6785.0,7384.0,7883.0,8847.0,10082.0,10967.0,12037.0,13017.0,12794.0,13095.0,13742.0,13929,14624,14657,14932,15856,16621,17881,19041,19190,21637,24084,25719,27287,29161,31029,33042
151,Seychelles,4354.0,4526.0,4678.0,4837.0,5197.0,5865.0,5991.0,6171.0,6704.0,7638.0,8473.0,8882.0,9691.0,10426.0,10116.0,10227.0,11288.0,12733.0,12938.0,13106.0,13849.0,13827.0,13952.0,13380.0,13397.0,14993.0,16560.0,18684.0,18231.0,18076.0,18914.0,20948.0,21565,22369,24683,24813,27077,28531,29817,30991,28704,31988,37661,40649,43111,45452,47690,50044
152,Sierra Leone,783.0,852.0,902.0,901.0,944.0,891.0,890.0,914.0,945.0,1007.0,1046.0,988.0,913.0,939.0,997.0,918.0,701.0,585.0,580.0,531.0,549.0,639.0,786.0,836.0,876.0,909.0,946.0,1021.0,1072.0,1088.0,1134.0,1203.0,1405,1747,1788,1599,1678,1634,1694,1777,1727,1835,1972,2067,2170,2275,2371,2470
153,Singapore,9479.0,10959.0,11927.0,13281.0,14690.0,15039.0,15563.0,17406.0,19547.0,21730.0,23813.0,25528.0,27019.0,30059.0,33055.0,35087.0,36870.0,39283.0,37557.0,39944.0,43776.0,43104.0,45080.0,48775.0,54377.0,58815.0,64054.0,68794.0,67718.0,66212.0,75390.0,80052.0,82065,83002,84423,86975,89437,95310,100686,102431,99681,116486,131426,140280,147118,152667,158689,164987
154,Slovakia,,,,,,,,,,,,,,8239.0,8888.0,9734.0,10578.0,11300.0,11874.0,12015.0,12419.0,13160.0,13968.0,15038.0,16266.0,17884.0,20001.0,22766.0,24483.0,23268.0,24992.0,26175.0,26905,27929,28944,29986,29668,30901,32793,34203,33061,35463,38620,40546,42752,44884,47053,49246
155,Slovenia,,,,,,,,,,,,,11165.0,11808.0,12700.0,13496.0,14233.0,15234.0,15927.0,17070.0,18012.0,18988.0,19920.0,20904.0,22385.0,23950.0,26033.0,28503.0,30070.0,27675.0,28181.0,28969.0,29066,29990,30883,31647,33947,36680,39211,41011,39428,44162,49968,52518,55173,57901,60809,63881
156,Solomon Islands,967.0,1005.0,1015.0,1061.0,1067.0,1035.0,1023.0,1105.0,1126.0,1187.0,1224.0,1304.0,1461.0,1512.0,1622.0,1773.0,1783.0,1748.0,1741.0,1710.0,1459.0,1336.0,1284.0,1359.0,1451.0,1541.0,1627.0,1706.0,1799.0,1814.0,1946.0,2077.0,2089,2177,2184,2183,2266,2318,2376,2399,2295,2333,2336,2429,2484,2550,2617,2688
157,Somalia,,,,,,,,,,,,,,,,,,,,,,,,,,,,,,,,,960,870,999,1162,1218,1158,1195,1216,1193,1245,1322,1373,1414,1456,1501,1549
158,South Africa,5110.0,5745.0,5922.0,5886.0,6250.0,6221.0,6207.0,6356.0,6712.0,6990.0,7067.0,7059.0,6890.0,6966.0,7172.0,7391.0,7705.0,7908.0,7916.0,8099.0,8502.0,8767.0,9107.0,9469.0,10058.0,10795.0,11610.0,12398.0,12854.0,12548.0,12885.0,13362.0,13191,13591,13595,13697,13738,13839,14176,14268,13332,14442,15556,16043,16335,16618,16914,17220
159,South Sudan,,,,,,,,,,,,,,,,,,,,,,,,,,,,,,,,3101.0,1341,1578,1508,1362,1028,889,864,860,790,843,934,993,1031,1068,1104,1142
160,Spain,7819.0,8444.0,9028.0,9492.0,9962.0,10483.0,11029.0,11919.0,12964.0,14118.0,15183.0,16051.0,16502.0,16619.0,17324.0,18373.0,19118.0,20146.0,21209.0,22413.0,23877.0,25245.0,25919.0,26721.0,27856.0,29232.0,30877.0,32218.0,32590.0,31301.0,31597.0,31872.0,31725,32453,33544,34939,37310,39626,41328,42600,38244,41838,46551,48594,50704,52867,54813,56673
161,Sri Lanka,1210.0,1377.0,1519.0,1612.0,1764.0,1891.0,1992.0,2051.0,2158.0,2271.0,2476.0,2519.0,2467.0,2686.0,2936.0,3153.0,3577.0,3990.0,3949.0,4098.0,4516.0,4496.0,4698.0,5033.0,5404.0,5873.0,6469.0,7043.0,7551.0,7814.0,8483.0,9347.0,10619,11244,11707,12208,13057,13584,14082,14215,13813,14707,14230,14140,14492,14983,15563,16185
162,Saint Kitts and Nevis,3008.0,3400.0,3850.0,3939.0,4501.0,4975.0,5566.0,6227.0,7166.0,7933.0,8682.0,9140.0,9555.0,10192.0,10835.0,11307.0,12058.0,13022.0,13162.0,13717.0,15204.0,16153.0,16397.0,15837.0,16677.0,18626.0,19565.0,19981.0,22394.0,21539.0,21570.0,22133.0,21039,21859,23555,23424,24378,25341,26369,27846,24000,23857,27782,29856,31472,32591,33763,34988
163,Saint Lucia,2434.0,2762.0,2957.0,3156.0,3483.0,3983.0,4578.0,4807.0,5586.0,6217.0,7013.0,7177.0,7800.0,7977.0,8114.0,8266.0,8524.0,8461.0,8957.0,9220.0,9294.0,9069.0,9177.0,9667.0,10529.0,10690.0,11562.0,11965.0,12640.0,12910.0,13048.0,13828.0,13604,13985,14166,13924,14634,15236,15924,16002,12173,14140,16417,17880,18825,19444,20016,20572
164,Saint Vincent and the Grenadines,1937.0,2183.0,2359.0,2511.0,2719.0,2904.0,3102.0,3178.0,3701.0,3952.0,4264.0,4471.0,4891.0,5181.0,5223.0,5688.0,5846.0,6162.0,6501.0,6723.0,6991.0,7254.0,7717.0,8342.0,8877.0,9353.0,10260.0,10850.0,11093.0,11015.0,10659.0,10802.0,10941,11482,11891,12035,13012,13030,13738,14029,13433,14051,15786,17310,18502,19484,20369,21300
165,Sudan,1080.0,1221.0,1312.0,1305.0,1219.0,1216.0,1327.0,1408.0,1491.0,1533.0,1507.0,1618.0,1696.0,1733.0,1780.0,2049.0,2151.0,2273.0,2438.0,2526.0,2737.0,3025.0,3175.0,3349.0,3524.0,3750.0,4014.0,4248.0,4382.0,4180.0,4282.0,5198.0,3929,3935,4509,4438,5569,4705,4572,4408,4190,4275,4450,4608,4840,5133,5429,5716
166,Suriname,,,,,,,,,,,6984.0,6132.0,6440.0,6353.0,5963.0,6677.0,7471.0,8013.0,8183.0,8103.0,8180.0,8647.0,9002.0,9651.0,10444.0,11172.0,12043.0,12853.0,13456.0,13762.0,14453.0,15363.0,16890,17909,18301,16963,14778,17880,18994,19288,16292,16178,17350,18172,18877,19566,20294,21054
167,Sweden,10532.0,12044.0,12960.0,13740.0,14833.0,15629.0,16372.0,17264.0,18216.0,19279.0,20001.0,20323.0,20478.0,20455.0,21538.0,22800.0,23565.0,24699.0,26034.0,27500.0,29393.0,30401.0,31441.0,32675.0,34868.0,36841.0,39463.0,41605.0,41877.0,39953.0,42499.0,44450.0,45259,46099,46937,48858,50062,52413,54124,55656,54830,59587,63877,65459,67666,69935,72080,74376
168,Switzerland,18092.0,20029.0,20856.0,21678.0,23084.0,24591.0,25433.0,26310.0,27943.0,30083.0,32106.0,32479.0,32754.0,33167.0,34016.0,34675.0,35259.0,36567.0,37983.0,38999.0,41280.0,42699.0,42990.0,43454.0,45449.0,47869.0,51093.0,54172.0,56069.0,54346.0,56158.0,57786.0,59749,62058,63807,65612,67686,68914,72033,73644,72143,77741,84469,87522,90290,92379,95118,97392
169,Syria,2073.0,2379.0,2507.0,2562.0,2402.0,2571.0,2418.0,2426.0,2739.0,2587.0,2863.0,3182.0,3581.0,3830.0,4019.0,4217.0,4314.0,4238.0,4418.0,4236.0,4318.0,4457.0,4662.0,4524.0,4816.0,5107.0,5396.0,5715.0,5938.0,6176.0,6374.0,6374.0,6374,6374,6374,6374,6374,6374,6374,6374,6374,6374,6374,6374,6374,6374,6374,6374
170,Taiwan,3446.0,3967.0,4338.0,4843.0,5441.0,5809.0,6542.0,7476.0,8264.0,9244.0,9999.0,11092.0,12171.0,13186.0,14354.0,15476.0,16602.0,17731.0,18527.0,19904.0,21461.0,21512.0,22927.0,24277.0,26562.0,28767.0,31221.0,34139.0,34952.0,34485.0,38404.0,40533.0,41741,43435,45494,46911,47272,48501,51005,53476,56038,62696,69500,74067,77232,80247,83413,86730
171,Tajikistan,,,,,,,,,,,,,1463.0,1322.0,1055.0,933.0,898.0,915.0,955.0,975.0,1062.0,1176.0,1279.0,1409.0,1568.0,1690.0,1825.0,1977.0,2128.0,2176.0,2294.0,2459.0,2709,3004,3304,2958,3089,3238,3494,3744,3879,4329,4803,5081,5303,5524,5760,6008
172,Tanzania,580.0,619.0,641.0,661.0,687.0,719.0,759.0,799.0,838.0,877.0,943.0,962.0,957.0,958.0,963.0,989.0,1025.0,1054.0,1081.0,1122.0,1175.0,1241.0,1314.0,1393.0,1499.0,1614.0,1693.0,1833.0,1918.0,1977.0,2067.0,2210.0,2099,2195,2243,2348,2479,2528,2687,2840,2926,3105,3374,3569,3758,3956,4180,4427
173,Thailand,1576.0,1791.0,1966.0,2117.0,2278.0,2416.0,2554.0,2815.0,3244.0,3723.0,4251.0,4708.0,5207.0,5741.0,6275.0,6857.0,7296.0,7133.0,6582.0,6900.0,7295.0,7645.0,8173.0,8867.0,9611.0,10261.0,11037.0,11884.0,12256.0,12188.0,13197.0,13519.0,14871,15408,15480,15822,16616,17423,18534,19217,18198,19203,21114,22645,23913,25143,26424,27744
174,Timor-Leste,,,,,,,,,,,,,,,,,,,,,1249.0,1459.0,1350.0,1312.0,1318.0,1367.0,1323.0,1469.0,1638.0,1784.0,1939.0,2060.0,2346,2483,2721,2913,3131,3177,3168,3780,4141,4263,3904,3545,3595,3683,3776,3897
175,Togo,997.0,1020.0,1006.0,955.0,1010.0,1043.0,1063.0,1029.0,1138.0,1198.0,1282.0,1288.0,1248.0,1047.0,1191.0,1419.0,1350.0,1382.0,1323.0,1333.0,1311.0,1314.0,1350.0,1432.0,1420.0,1360.0,1402.0,1385.0,1429.0,1477.0,1544.0,1633.0,1656,1721,1792,1885,1954,2012,2110,2211,2222,2377,2619,2810,2982,3157,3343,3542
176,Tonga,723.0,897.0,1069.0,1163.0,1718.0,1882.0,2100.0,2182.0,2169.0,2268.0,2451.0,2667.0,2612.0,2658.0,2777.0,3049.0,3098.0,3126.0,3221.0,3327.0,3516.0,3633.0,3840.0,3901.0,3914.0,4004.0,4020.0,4009.0,4270.0,4064.0,4135.0,4488.0,4608,4729,4940,5075,5518,5813,5974,6131,6243,6337,6663,7111,7467,7806,8110,8429
177,Trinidad and Tobago,6975.0,7859.0,8522.0,7818.0,7522.0,7343.0,7165.0,6942.0,6850.0,7009.0,7331.0,7764.0,8689.0,8786.0,9250.0,9767.0,10627.0,11603.0,12668.0,13853.0,15106.0,15961.0,17293.0,19982.0,21910.0,23812.0,27897.0,29736.0,31159.0,29700.0,30928.0,31321.0,30085,30088,29727,27652,26375,27278,27617,27960,26125,26878,29797,31769,33415,34738,35638,36757
178,Tunisia,2243.0,2519.0,2599.0,2761.0,2990.0,3155.0,3053.0,3269.0,3330.0,3487.0,3757.0,3956.0,4276.0,4393.0,4560.0,4698.0,5033.0,5339.0,5599.0,5954.0,6288.0,6615.0,6752.0,7155.0,7744.0,8196.0,8810.0,9560.0,10049.0,10308.0,10679.0,10557.0,10692,10710,10945,10735,10898,11138,11568,11814,10802,11515,12490,13034,13479,13951,14483,15043
179,Turkey,3516.0,3927.0,4215.0,4486.0,4858.0,5116.0,5471.0,6051.0,6280.0,6427.0,7159.0,7345.0,7832.0,8523.0,8101.0,8729.0,9369.0,10096.0,10377.0,10035.0,10819.0,10288.0,10988.0,11713.0,13045.0,14483.0,15768.0,16805.0,17042.0,16089.0,17376.0,19460.0,20504,22221,23946,25691,26514,28242,29346,29688,30460,34884,38759,40883,42516,44102,45818,47628
180,Turkmenistan,,,,,,,,,,,,,4330.0,3949.0,3251.0,3012.0,2809.0,2494.0,2655.0,3099.0,3714.0,4522.0,5260.0,6217.0,7245.0,8356.0,9452.0,10655.0,12310.0,12987.0,15034.0,17027.0,17096,16673,17210,16850,16038,17512,17900,17102,16458,17669,18875,19727,20367,20885,21388,21928
181,Tuvalu,,,,,,,,,,,,,,,,,,,,,,,2742.0,2698.0,2683.0,2630.0,2711.0,2939.0,3151.0,2955.0,2880.0,3120.0,3009,3186,3287,3617,3812,4104,4252,4909,4999,5317,5844,6239,6599,6950,7316,7689
182,Uganda,525.0,580.0,646.0,683.0,665.0,644.0,640.0,657.0,710.0,757.0,807.0,820.0,860.0,908.0,967.0,1045.0,1098.0,1132.0,1177.0,1249.0,1284.0,1383.0,1456.0,1521.0,1597.0,1753.0,1870.0,2006.0,2181.0,2294.0,2416.0,2570.0,2373,2395,2441,2406,2359,2384,2498,2673,2577,2780,3018,3214,3377,3590,3775,3933
183,Ukraine,,,,,,,,,,,,,6383.0,5623.0,4464.0,4035.0,3733.0,3715.0,3717.0,3795.0,4148.0,4655.0,5021.0,5652.0,6536.0,7002.0,7814.0,8734.0,9143.0,7843.0,8296.0,8959.0,9389,10749,10804,10225,11216,11943,12725,13447,13203,14326,14326,14326,14326,14326,14326,14326
184,United Arab Emirates,89076.0,96709.0,89601.0,85306.0,85271.0,81399.0,64245.0,66552.0,56222.0,65074.0,84140.0,84999.0,85906.0,84878.0,86938.0,87499.0,92630.0,96855.0,89873.0,88354.0,102783.0,100667.0,99076.0,103682.0,110147.0,109109.0,101206.0,86481.0,70075.0,65807.0,67135.0,72144.0,74088,74734,77094,67254,65651,68504,70502,73142,67715,71077,77272,81753,85418,89049,92998,97360
185,United Kingdom,9085.0,9871.0,10700.0,11581.0,12247.0,13122.0,13777.0,14848.0,16200.0,17199.0,17905.0,18227.0,18653.0,19510.0,20625.0,21511.0,22383.0,23826.0,24785.0,25794.0,27253.0,28335.0,29263.0,30605.0,31999.0,33598.0,35288.0,36767.0,37077.0,35479.0,36379.0,37364.0,38511,40233,41584,42928,44606,46553,48164,49576,45329,50523,55862,57822,59160,61472,63829,65857
186,United States,12553.0,13949.0,14405.0,15514.0,17086.0,18199.0,19035.0,20001.0,21376.0,22814.0,23848.0,24303.0,25393.0,26364.0,27674.0,28671.0,29947.0,31440.0,32834.0,34496.0,36313.0,37101.0,37946.0,39405.0,41642.0,44034.0,46217.0,47943.0,48471.0,47102.0,48586.0,50008.0,51737,53246,55084,56730,57840,59886,62770,65052,63078,69227,75180,78422,80779,83463,86521,89546
187,Uruguay,5050.0,5594.0,5347.0,5198.0,5274.0,5422.0,5913.0,6381.0,6600.0,6896.0,7136.0,7594.0,8333.0,8705.0,9449.0,9449.0,10096.0,10665.0,11183.0,11043.0,11030.0,10837.0,10170.0,10480.0,11290.0,12472.0,13361.0,14616.0,15945.0,16654.0,18070.0,19307.0,19489,20475,21492,21614,22093,22637,23204,23617,22362,24233,27233,29109,30426,31668,32882,34154
188,Uzbekistan,,,,,,,,,,,,,2394.0,2341.0,2223.0,2208.0,2244.0,2327.0,2417.0,2520.0,2686.0,2824.0,2947.0,3093.0,3374.0,3678.0,4031.0,4473.0,4894.0,5236.0,5580.0,5888.0,6107,6355,6551,6740,6856,6898,7319,7733,7821,8585,9478,10074,10580,11095,11642,12222
189,Vanuatu,944.0,1042.0,1092.0,1141.0,1256.0,1260.0,1246.0,1223.0,1210.0,1268.0,1449.0,1515.0,1558.0,1576.0,1679.0,1687.0,1714.0,1782.0,1777.0,1763.0,1867.0,1803.0,1697.0,1764.0,1841.0,1955.0,2136.0,2206.0,2321.0,2356.0,2357.0,2426.0,2440,2438,2504,2481,2586,2739,2821,2898,2682,2713,2858,2951,3013,3083,3131,3177
190,Venezuela,7947.0,8332.0,8819.0,8034.0,8520.0,8625.0,9222.0,9661.0,10392.0,9075.0,9700.0,10744.0,11387.0,11427.0,11146.0,11575.0,11516.0,12209.0,12140.0,11349.0,11639.0,12102.0,11020.0,10200.0,12194.0,13658.0,15231.0,16754.0,17706.0,16993.0,16693.0,17494.0,18553,18862,18209,17014,14213,12322,10676,8167,5759,6106,7108,7954,7954,7954,7954,7954
191,Vietnam,538.0,611.0,688.0,751.0,827.0,884.0,914.0,939.0,1003.0,1101.0,1151.0,1236.0,1350.0,1468.0,1605.0,1766.0,1935.0,2096.0,2207.0,2310.0,2489.0,2685.0,2881.0,3124.0,3427.0,3766.0,4114.0,4484.0,4783.0,5024.0,5357.0,5826.0,6400,6763,7281,7635,8316,9086,9867,10559,10877,11513,13075,14249,15371,16573,17889,19341
192,Palestine,,,,,,,,,,,,,,,2144.0,2188.0,2128.0,2347.0,2630.0,2799.0,2539.0,2291.0,1981.0,2242.0,2730.0,3043.0,3017.0,3123.0,3328.0,3544.0,3698.0,4035.0,4720,4826,5192,5612,5945,6025,6089,6128,5366,5838,6354,6657,6805,6919,7041,7172
193,Yemen,,,,,,,,,,,2002.0,2100.0,2208.0,2235.0,2324.0,2405.0,2471.0,2561.0,2666.0,2728.0,2880.0,2971.0,3049.0,3135.0,3255.0,3447.0,3566.0,3682.0,3784.0,3849.0,4083.0,3541.0,3430,3627,3593,2548,2276,2150,2167,2186,1980,1997,2136,2237,2395,2547,2698,2847
194,Zambia,1321.0,1493.0,1491.0,1486.0,1468.0,1488.0,1498.0,1513.0,1661.0,1614.0,1614.0,1608.0,1630.0,1620.0,1392.0,1425.0,1501.0,1543.0,1513.0,1562.0,1617.0,1697.0,1756.0,1867.0,1999.0,2153.0,2329.0,2520.0,2688.0,2869.0,3108.0,3250.0,3348,3504,3467,3360,3333,3407,3520,3526,3366,3559,3808,3983,4115,4257,4414,4589
195,Zimbabwe,,,,,,,,,,,,,,,,,,,2441.0,2454.0,2410.0,2459.0,2311.0,1973.0,1885.0,1784.0,1747.0,1729.0,1465.0,1569.0,1884.0,2175.0,2386,2546,2577,2643,2668,2312,2444,2294,2160,2364,2555,2662,2743,2824,2910,2999
